{
  "students": [
    {
      "id": 0,
      "train": {
        "inputs": [
          328,24,320,234,186,235,352,18
        ],
        "expected": [
          62,292,48,198,107,95,91,331
        ],
        "lastErrorRate": 0.0028326595202088356,
        "output": [
          61.982093811035156,
          291.91571044921875,
          47.98527145385742,
          197.9423828125,
          106.9689712524414,
          94.9720687866211,
          90.97392272949219,
          330.9036865234375
        ],
        "outputs": [
          [
            0.08767838776111603,
            0.29823607206344604,
            -0.184408038854599,
            0.13680289685726166,
            0.21693377196788788,
            0.31992867588996887,
            -0.060221247375011444,
            -0.2842004895210266
          ],
          [
            3.464200019836426,
            14.67025089263916,
            1.5502054691314697,
            9.056365966796875,
            4.289491653442383,
            4.055368900299072,
            4.50578498840332,
            14.608464241027832
          ],
          [
            37.6829833984375,
            177.37249755859375,
            28.455930709838867,
            119.7269515991211,
            64.91487121582031,
            57.11497497558594,
            55.28084182739258,
            200.1220703125
          ],
          [
            53.43053436279297,
            251.67593383789062,
            40.95512390136719,
            170.42588806152344,
            92.15032196044922,
            81.63577270507812,
            78.5132827758789,
            284.8645324707031
          ],
          [
            58.93600082397461,
            277.5812683105469,
            45.480777740478516,
            188.1400909423828,
            101.68982696533203,
            90.22115325927734,
            86.53521728515625,
            314.5035095214844
          ],
          [
            60.9045295715332,
            286.8446960449219,
            47.09923553466797,
            194.47462463378906,
            105.10131072998047,
            93.29132843017578,
            89.4036865234375,
            325.101806640625
          ],
          [
            61.60833740234375,
            290.1567687988281,
            47.67792510986328,
            196.73953247070312,
            106.32113647460938,
            94.38908386230469,
            90.42924499511719,
            328.89117431640625
          ],
          [
            61.8599739074707,
            291.3409423828125,
            47.88484573364258,
            197.54931640625,
            106.75726318359375,
            94.78156280517578,
            90.79593658447266,
            330.24603271484375
          ],
          [
            61.9499397277832,
            291.764404296875,
            47.95883560180664,
            197.83888244628906,
            106.91321563720703,
            94.92190551757812,
            90.92704772949219,
            330.73040771484375
          ],
          [
            61.982093811035156,
            291.91571044921875,
            47.98527145385742,
            197.9423828125,
            106.9689712524414,
            94.9720687866211,
            90.97392272949219,
            330.9036865234375
          ]
        ],
        "status": "finished"
      }
    },
    {
      "id": 1,
      "train": {
        "inputs": [
          267,
          338,
          269,
          88,
          1,
          168,
          270,
          240
        ],
        "expected": [
          354,
          73,
          255,
          114,
          14,
          15,
          137,
          39
        ],
        "lastErrorRate": 0.002719137817621231,
        "output": [
          353.89105224609375,
          72.97745513916016,
          254.92138671875,
          113.96470642089844,
          13.995851516723633,
          14.994942665100098,
          136.95797729492188,
          38.98813247680664
        ],
        "outputs": [
          [
            -0.283558189868927,
            0.14787329733371735,
            0.613555908203125,
            -0.08782019466161728,
            -0.06702378392219543,
            -0.1182103157043457,
            0.2839351296424866,
            0.07522253692150116
          ],
          [
            20.493499755859375,
            5.318812847137451,
            14.716355323791504,
            6.286565780639648,
            1.0685817003250122,
            0.36763662099838257,
            7.430800437927246,
            2.742809772491455
          ],
          [
            207.42588806152344,
            42.691123962402344,
            149.81491088867188,
            66.27879333496094,
            8.42166805267334,
            8.794129371643066,
            80.13461303710938,
            23.34328269958496
          ],
          [
            301.6203918457031,
            62.22536087036133,
            217.33433532714844,
            97.02848815917969,
            12.161127090454102,
            12.69273567199707,
            116.65394592285156,
            33.4432373046875
          ],
          [
            335.37640380859375,
            69.18013000488281,
            241.56109619140625,
            107.9305648803711,
            13.312054634094238,
            14.158102989196777,
            129.81004333496094,
            36.97880935668945
          ],
          [
            347.341552734375,
            71.62677001953125,
            250.19606018066406,
            111.83956909179688,
            13.748239517211914,
            14.691692352294922,
            134.43020629882812,
            38.274818420410156
          ],
          [
            351.6184997558594,
            72.50831604003906,
            253.28173828125,
            113.22777557373047,
            13.90975570678711,
            14.889629364013672,
            136.08102416992188,
            38.74061584472656
          ],
          [
            353.1482849121094,
            72.8239974975586,
            254.38548278808594,
            113.72395324707031,
            13.967670440673828,
            14.960501670837402,
            136.67137145996094,
            38.907230377197266
          ],
          [
            353.6954650878906,
            72.93698120117188,
            254.78024291992188,
            113.9013442993164,
            13.988418579101562,
            14.985867500305176,
            136.8824920654297,
            38.96683120727539
          ],
          [
            353.89105224609375,
            72.97745513916016,
            254.92138671875,
            113.96470642089844,
            13.995851516723633,
            14.994942665100098,
            136.95797729492188,
            38.98813247680664
          ]
        ],
        "status": "finished"
      }
    },
    {
      "id": 2,
      "train": {
        "inputs": [
          192,
          278,
          322,
          314,
          27,
          25,
          132,
          151
        ],
        "expected": [
          191,
          253,
          26,
          20,
          42,
          194,
          310,
          295
        ],
        "lastErrorRate": 0.003443791763857007,
        "output": [
          190.94418334960938,
          252.92616271972656,
          25.992219924926758,
          19.993244171142578,
          41.98749542236328,
          193.94369506835938,
          309.9096984863281,
          294.91400146484375
        ],