{
  "students": [
    {
      "id": 0,
      "train": {
        "inputs": [
          335,
          195,
          196,
          26,
          254,
          208,
          239,
          284
        ],
        "expected": [
          146,
          251,
          134,
          287,
          187,
          69,
          229,
          324
        ],
        "lastErrorRate": 0.004392182920128107,
        "losses": [
          47622.2109375,
          42334.9296875,
          8156.43212890625,
          1019.102783203125,
          128.681884765625,
          16.449209213256836,
          2.102715253829956,
          0.26877695322036743,
          0.03435354679822922,
          0.004392182920128107
        ],
        "output": [
          145.95596313476562,
          250.92318725585938,
          133.95950317382812,
          286.9134216308594,
          186.943603515625,
          68.97921752929688,
          228.93069458007812,
          323.9012756347656
        ],
        "outputs": [
          [
            -0.1952494978904724,
            0.03381370007991791,
            -0.23250989615917206,
            0.28435999155044556,
            0.5500128865242004,
            0.5131811499595642,
            0.18793922662734985,
            0.60027015209198
          ],
          [
            9.105560302734375,
            14.517285346984863,
            8.304875373840332,
            17.108041763305664,
            10.858654975891113,
            4.297867774963379,
            13.944043159484863,
            17.5474796295166
          ],
          [
            85.46281433105469,
            147.25860595703125,
            78.47411346435547,
            168.47216796875,
            109.67461395263672,
            41.160003662109375,
            134.23489379882812,
            189.99346923828125
          ],
          [
            124.78828430175781,
            214.13514709472656,
            114.37757110595703,
            245.2277374267578,
            159.7687225341797,
            59.116703033447266,
            195.55027770996094,
            276.5047302246094
          ],
          [
            138.45928955078125,
            237.8483123779297,
            127.0697250366211,
            272.1811828613281,
            177.34657287597656,
            65.44091033935547,
            217.134765625,
            307.1073913574219
          ],
          [
            143.30398559570312,
            246.2978515625,
            131.52223205566406,
            281.7018127441406,
            183.5486297607422,
            67.72750854492188,
            224.75782775878906,
            317.9603271484375
          ],
          [
            145.03607177734375,
            249.31881713867188,
            133.11410522460938,
            285.105712890625,
            185.76600646972656,
            68.54505157470703,
            227.48330688476562,
            321.8406066894531
          ],
          [
            145.65536499023438,
            250.39894104003906,
            133.6832733154297,
            286.3227233886719,
            186.55880737304688,
            68.83734130859375,
            228.45773315429688,
            323.2279968261719
          ],
          [
            145.87680053710938,
            250.78514099121094,
            133.8867645263672,
            286.75787353515625,
            186.84226989746094,
            68.94184112548828,
            228.80609130859375,
            323.7239990234375
          ],
          [
            145.95596313476562,
            250.92318725585938,
            133.95950317382812,
            286.9134216308594,
            186.943603515625,
            68.97921752929688,
            228.93069458007812,
            323.9012756347656
          ]
        ],
        "status": "finished"
      }
    },
    {
      "id": 1,
      "train": {
        "inputs": [
          332,
          136,
          162,
          64,
          236,
          196,
          199,
          183
        ],
        "expected": [
          254,
          247,
          264,
          229,
          305,
          59,
          300,
          267
        ],
        "lastErrorRate": 0.005047684535384178,
        "losses": [
          63114.19140625,
          58826.16015625,
          10676.90625,
          1337.36181640625,
          170.5054931640625,
          19.437589645385742,
          2.4213032722473145,
          0.3092173635959625,
          0.03950168564915657,
          0.005047684535384178
        ],
        "output": [
          253.92967224121094,
          246.93026733398438,
          263.924072265625,
          228.93563842773438,
          304.91265869140625,
          58.98301315307617,
          299.9153137207031,
          266.9253234863281
        ],
        "outputs": [
          [
            0.3964894115924835,
            0.008175570517778397,
            0.31799930334091187,
            -0.22761444747447968,
            0.0913442000746727,
            0.0625680610537529,
            0.38087475299835205,
            -0.03141481429338455
          ],
          [
            8.308402061462402,
            8.961883544921875,
            9.516939163208008,
            8.420812606811523,
            10.143616676330566,
            1.7516645193099976,
            10.768692016601562,
            9.524669647216797
          ],
          [
            149.05746459960938,
            145.37564086914062,
            155.57044982910156,
            134.5796661376953,
            180.03936767578125,
            34.70671463012695,
            176.81190490722656,
            157.35507202148438
          ],
          [
            216.97984313964844,
            211.0196075439453,
            225.5896453857422,
            195.57699584960938,
            260.748779296875,
            50.35701370239258,
            256.3984375,
            228.17483520507812
          ],
          [
            240.785888671875,
            234.15322875976562,
            250.28152465820312,
            217.06741333007812,
            289.19561767578125,
            55.91336441040039,
            284.431640625,
            253.13894653320312
          ],
          [
            249.6136932373047,
            242.6715545654297,
            259.3062438964844,
            224.99720764160156,
            299.5973205566406,
            57.94837951660156,
            294.7466735839844,
            262.3546142578125
          ],
          [
            252.45855712890625,
            245.47311401367188,
            262.337890625,
            227.58958435058594,
            303.08734130859375,
            58.628021240234375,
            298.1462097167969,
            265.3635559082031
          ],
          [
            253.4492645263672,
            246.454345703125,
            263.4059753417969,
            228.4960174560547,
            304.31634521484375,
            58.86705017089844,
            299.3375244140625,
            266.415283203125
          ],
          [
            253.80320739746094,
            246.8050079345703,
            263.78765869140625,
            228.81985473632812,
            304.755615234375,
            58.95247268676758,
            299.76324462890625,
            266.7909851074219
          ],
          [
            253.92967224121094,
            246.93026733398438,
            263.924072265625,
            228.93563842773438,
            304.91265869140625,
            58.98301315307617,
            299.9153137207031,
            266.9253234863281
          ]
        ],
        "status": "finished"
      }
    },
    {
      "id": 2,
      "train": {
        "inputs": [
          291,
          18,
          56,
          305,
          230,
          16,
          175,
          289
        ],
        "expected": [
          215,
          103,
          280,
          100,
          169,
          101,
          313,
          133
        ],
        "lastErrorRate": 0.0037891240790486336,